Comment,Designator,Package,LCSC Part
22,"R2,R3",0603_R,C23345
10uF,C6,0805_C,C15850
USB_C_Receptacle,J1,USB_C_Receptacle_HRO_TYPE-C-31-M-12,C165948
Polyfuse_Small,F1,Fuse_0603,C261937
ATmega32U4-AU,U2,TQFP-44_10x10mm_Pitch0.8mm,C44854
10k,"R1,R4",0603_R,C25804
SW_Push,SW1,SW_SPST_TL3342,C318884
5.1k,"R6,R5",0603_R,C23186
D_Small,"D1,D2,D3,D4,D5,D6,D7,D8,D9,D10,D11,D12,D13,D14,D16,D17,D18,D19,D20,D21,D22,D23,D24,D26,D28,D29,D30,D31,D32,D33,D34,D35,D36,D37,D38,D39,D40,D41,D42,D43,D44,D45,D46,D47,D48,D49,D50,D51,D52,D53,D54,D55,D56,D57,D58,D59,D60,D61,D62,D63,D64,D65,D66,D67,D15,D25,D27",SOD-323,C2128
USBLC6-2SC6,U1,SOT-23-6,C7519
1uF,C7,0805_C,C28323
0.1uF,"C3,C4,C5",0805_C,C49678
WS2812B-B,"RGB13,RGB3,RGB6,RGB11,RGB8,RGB14,RGB9,RGB10,RGB5,RGB15,RGB1,RGB2,RGB7,RGB4,RGB16,RGB12","SMD,5x5mm",C114586